Id,Exp,IdEquipmentEnum,IdConsumptionEnum
5001,10,10004,"20,001"
5002,30,10004,"20,001"
5003,50,10004.10005,20001.20002